{"cameraMode":{"drawMode":0,"name":"Shaded","section":"Shading Mode"},"sceneLighting":true,"audioPlay":false,"sceneViewState":{"showFog":true,"showMaterialUpdate":false,"showSkybox":true,"showFlares":true,"showImageEffects":true,"showParticleSystems":true},"in2DMode":false,"pivot":{"x":-1.562142014503479,"y":1.6704144477844239,"z":2.67838454246521},"rotation":{"x":-0.09330835938453675,"y":-0.7223770618438721,"z":0.09946694225072861,"w":-0.6779168844223023},"size":3.8484957218170168,"orthographic":false}