{"cameraMode":{"drawMode":0,"name":"Shaded","section":"Shading Mode"},"sceneLighting":true,"audioPlay":false,"sceneViewState":{"showFog":true,"showMaterialUpdate":false,"showSkybox":true,"showFlares":true,"showImageEffects":true,"showParticleSystems":true},"in2DMode":false,"pivot":{"x":-1.6766310930252076,"y":1.6872220039367676,"z":1.9202390909194947},"rotation":{"x":-0.1009254977107048,"y":-0.8511245250701904,"z":0.1776980459690094,"w":-0.48355409502983096},"size":0.84849613904953,"orthographic":false}