{"cameraMode":{"drawMode":0,"name":"Shaded","section":"Shading Mode"},"sceneLighting":false,"audioPlay":false,"sceneViewState":{"showFog":true,"showMaterialUpdate":false,"showSkybox":false,"showFlares":true,"showImageEffects":true,"showParticleSystems":true},"in2DMode":false,"pivot":{"x":0.0,"y":-0.004178982228040695,"z":0.04036547988653183},"rotation":{"x":-0.01087007112801075,"y":-0.9789073467254639,"z":0.19671213626861573,"w":-0.05409912019968033},"size":0.4164581000804901,"orthographic":false}